Match#,tweet_id,text,Tweet date,y_is_prediction,term_used_to_identify_prediction
1,1449465244078600000,"Who Will Win the #Oman vs #PapuaNewGuinea Match?

#OmanvPapuaNewGuinea #OmanvsPapuaNewGuinea #OMNvPNG #OMNvsPNG #T20WorldCup #T20WorldCup2021 #ICCT20WorldCup #ICCT20WorldCup2021 #T20 #Cricket #Sport #Sports #T20WorldCup21 #T20WC2021 #T20WC",2021-10-16 20:00:18+00:00,0,
1,1449552440420750000,"Today 1st #T20 World Cup 2021 Match Oman vs Papua New Guinea #Live Cricket Score
Watch: https://t.co/OMxVKh6Qv5

#T20WorldCup #T20WorldCup21 #T20WorldCup2021 #T20WC #WorldCupT20 #worldcup #worldcup21 #worldcup2021 #OMNvPNG #PNGvOMN #OmanvPapuaNewGuinea #AhmedShameel #Pakistan https://t.co/2vMXYgGXTM",2021-10-17 01:46:47+00:00,0,
2,1449692149675480000,"Am i the only one who think @CricketScotland can beat @BCBtigers comfortably

If they can clinch the key moments beating Bangladesh is not a big thing for them cause they're a quality side

If #Scotland beat #Bangladesh that's not a upset for sure

#BANvSCO #T20WorldCup https://t.co/WiEj89lTMs",2021-10-17 11:01:57+00:00,1,"can beat
quality side
clinch key moments"
2,1449464644024760000,"Who Will Win the #Bangladesh vs #Scotland Match?

#BangladeshvScotland #BangladeshvsScotland #BANvSCO #BANvsSCO #T20WorldCup #T20WorldCup2021 #ICCT20WorldCup #ICCT20WorldCup2021 #T20 #Cricket #Sport #Sports #T20WorldCup21 #T20WC2021 #T20WC",2021-10-16 19:57:55+00:00,0,
2,1449667197039680000,"Scotland have won the sole T20I between the two sides üëÄ

#T20WorldCup #SCO #BAN #BANvSCO

https://t.co/mh2l05ownb",2021-10-17 09:22:47+00:00,0,
2,1449699411005770000,"#T20WorldCup, Match 2 | #Bangladesh start campaign with a tricky fixture against #Scotland
@BCBtigers @CricketScotland
#Cricket #BANvSCO #AlAmerat #Oman #T20Cricket #T20WC #LiveStreaming
https://t.co/2Oh0jX7rHr",2021-10-17 11:30:48+00:00,0,
3,1449966067111970000,"#T20WorldCup21 | In the last head-to-head game, #Netherlands won by 6 wickets.

#IREvNED | #T20WorldCup | #ICCT20WorldCup2021

https://t.co/UwzfW8AE5w",2021-10-18 05:10:24+00:00,0,
3,1450018805623700000,"The tournament roared into life thanks to dominant #Oman &amp; indomitable #Scotland - now we shift attention to the wide open Group A.

A refreshing #Ireland take on an experienced #Netherlands - who‚Äôll take the Northern European spoils?

#IREvNEDüèè‚òòÔ∏èüá≥üá±
#T20WorldCup
#GCFromHome",2021-10-18 08:39:57+00:00,0,
3,1450023400127150000,"2 big clashes today at the t20 world cup!!
1st one: Ned vs Ire!!
2nd one: Sri vs Nam!!
Will Ned and namibia upset another test nations??
#T20WorldCup #ICC #IREvNED #NAMvSRI",2021-10-18 08:58:13+00:00,0,
4,1449674043335090000,"Former champions #SriLanka start their #T20WorldCup campaign against rising #Namibia #SLvNAM

https://t.co/tqqmFbjbqA - via @mykhelcom",2021-10-17 09:50:00+00:00,1,champion
4,1450076744506090000,"""Nah - #Namibia are a pretty good team, and #SriLanka are all over the place. Could be a close one.

#NAMvSLüèèüá≥üá¶üá±üá∞
#T20WorldCup https://t.co/deZ84Tkaau""",2021-10-18 12:30:11+00:00,1,pretty good
4,1450096967124540000,"Hi @hershybru, I see a lot of South Africans in Namibia's squad..

Do you think they have the fire power to upset Sri Lanka ?

#T20WorldCup #SriLanka #Namibia #SLvNAM",2021-10-18 13:50:33+00:00,1,upset
5,1450003528353590000,"After stunning Bangladesh in #T20WorldCup round 1 opener, #Scotland look to keep winning momentum against #PapuaNewGuinea #SCOvPNG

https://t.co/IxD9jR4WEM",2021-10-18 07:39:15+00:00,1,winning momentum
5,1450362337161010000,"Head to head in T20Is, Scotland leads 2-0

SCO vs PNG dream11 predictions: https://t.co/AuyhCtbU0a

#Cricket #FantasyCricket #Dream11 #Playerzpot #SCO #Scotland #PNG #SCOvPNG #SCOvsPNG #T20WorldCup21 #T20WorldCup #T20WorldCup2021 #ICCT20WorldCup2021 #Follow",2021-10-19 07:25:02+00:00,1,Head to Head Leads
5,1450378696359960000,"Having pulled off an upset in their #ICC Men's #T20WorldCup opener, can #Scotland continue the momentum üÜö #PapuaNewGuinea?

Give us your prediction üëá.

#SCOvPNG #LiveTheGame https://t.co/L972Q5zINP",2021-10-19 08:30:02+00:00,1,Upset momentum
5,1450389165623880000,"Fresh from a sensational win, Scotland take on Papua New Guinea in the first match today üëè

ü§ôCreate your Fantasy Team to win prizes ‚û°Ô∏è https://t.co/E7vjaJxWUf

#T20WorldCup #SCOvPNG https://t.co/VadiQzPU8H",2021-10-19 09:11:38+00:00,0,
5,1450395508086770000,"#Scotland here to upset many teams
#SCOvPNG #T20WorldCup",2021-10-19 09:36:50+00:00,1,upset
5,1450400494975910000,"After astounding Bangladesh, Scotland's next aim will be to defeat @Cricket_PNG while batting first üóûÔ∏è

Do you think they will register their second win today‚ùì

Live Scorecard ‚û°Ô∏è https://t.co/T46DC3236e

#T20WorldCup #SCOvPNG",2021-10-19 09:56:39+00:00,1,Astounding aim to defeat
6,1450344852391170000,Bangladesh find themselves in must-win situation against Oman https://t.co/nb1lQTP7v3 #T20WorldCup #BANvOMN #OMNvBAN @TheOmanCricket #OmanCricket #CricketG #T20WC,2021-10-19 06:15:33+00:00,0,
6,1450452046973440000,"Do or die match coming up for #Bangladesh if they losed today they will be out from the #T20WorldCup .
#OMNvBAN",2021-10-19 13:21:30+00:00,0,
6,1450423940447280000,"The #Bangladesh üêØüêØ are on the hunt for their 1st ICC Men's #T20WorldCup 2021 win...

Will they come out on üîù against #Oman?

#BANvOMN #LiveTheGame https://t.co/PpAqYf4cAG",2021-10-19 11:29:49+00:00,0,
7,1450387195919880000,"After being blown away in their opening match, #Netherlands seek first win in #T20WorldCup against #Namibia #NAMvNED

https://t.co/ovD0T8i4t1",2021-10-19 09:03:49+00:00,0,
7,1450676937664430000,"#Namibia and the #Netherlands are both out to right the wrongs of their opening round #T20WorldCup losses.

Everything you need to know ahead of #NAMvNED üëá

https://t.co/sbbpMkN5Fd",2021-10-20 04:15:08+00:00,0,
7,1450740289140830000,"Both winless teams look to earn their first points in the tournament today üëä

ü§ôCreate your Fantasy Team to win prizes ‚û°Ô∏è https://t.co/3z8gwZJ8lT

#T20WorldCup #NAMvNED",2021-10-20 08:26:53+00:00,0,
8,1450405470653480000,"#SriLanka eye second win of #T20WorldCup campaign against confident #Ireland #SLvIRE

https://t.co/SOot1i4ft2 - via @mykhelcom",2021-10-19 10:16:26+00:00,1,win
8,1450590582678580000,"A tricky challenge awaits Sri Lanka in their #T20WorldCup clash against Ireland, a side high on confidence ü§úü§õ

#IREvSL preview ‚ûú https://t.co/ofmGy5i3Z3

Their recent form (latest match first) ‚¨áÔ∏è https://t.co/Bd8UUuS3bQ",2021-10-19 22:32:00+00:00,1,"confidence
tricky challenge"
9,1451101580539870000,"Another crucial game for Bangladesh to bolster their chances of making it to the Super 12 üëä

ü§ôCreate your Fantasy Team to win prizes ‚û°Ô∏è https://t.co/E7vjaJxWUf

#T20WorldCup #BANvPNG https://t.co/Fo4jBss7uY",2021-10-21 08:22:31+00:00,0,
9,1451114899120260000,"CricWick: Another crucial game for Bangladesh to bolster their chances of making it to the Super 12 üëä

ü§ôCreate your Fantasy Team to win prizes ‚û°Ô∏è https://t.co/a1RihsTsmb

#T20WorldCup #BANvPNG",2021-10-21 09:15:27+00:00,0,
10,1451122753680150000,Oman need a win to make history https://t.co/lrW0put2b0 Article by @ashokmuscat via @muscat_daily #CricketOman #HayyaCricket  #T20WorldCup #aOMAvSCO #OMNvSCO  #CricketG #T20WC,2021-10-21 09:46:39+00:00,0,
10,1451165859804680000,"Oman, let's hope our boys give us a chance to celebrate in @ImJatinder10 's Dhawan-derful style? üï∫üèøüòú

@SDhawan25

#HayyaCricket #OMNvSCO #OneTeam #TeamOman #T20WorldCup #LiveTheGame https://t.co/O8Nl1ps3IY",2021-10-21 12:37:56+00:00,0,
11,1451255825272610000,"tomorrow's prediction
1. IREvNAM - it's really hard,dont know what will happen, but i am backing ireland üíö
2. SLvNED - its a very bold one, NED will not go home without a win and i think they will have that lone win tomorrow, üß°
#T20WorldCup #BackingGreen  #NED #SL #Ireland #NAM",2021-10-21 18:35:26+00:00,1,"backing
win"
11,1451370518662180000,"#Namibia has the opportunity to upset a full member team #Ireland on the final day of ROUND 1 stage ü§ò
#NAMvIRE #T20WorldCup",2021-10-22 02:11:11+00:00,1,upset
12,1451080777861450000,"Against #Netherlands it is last opportunity for floundering #SriLanka top-order to get their act together before #T20WorldCup Super 12 #SLvNED

https://t.co/17fWnjq0rZ",2021-10-21 06:59:51+00:00,0,
12,1451255825272610000,"tomorrow's prediction
1. IREvNAM - it's really hard,dont know what will happen, but i am backing ireland üíö
2. SLvNED - its a very bold one, NED will not go home without a win and i think they will have that lone win tomorrow, üß°
#T20WorldCup #BackingGreen  #NED #SL #Ireland #NAM",2021-10-21 18:35:26+00:00,1,"backing
win"
12,1451375700955440000,"Happy match day cricket loving Patriots! #SL will reign victorious tonight Vs much ""loved"" &amp; 200+ years old rivals #Netherlands . Some will have to back their talks tonight. #sl have to find their no3 and hope they use this one as an opportunity to do that. #SLvNED #T20WorldCup",2021-10-22 02:31:47+00:00,1,Victorious
13,1451136225180450000,"Australia looking Not good nor Strong and is underprepared. I can't remember Australia going into any World Cup in this state - it will be incredible backtracking if they made the Semi-Finals.

#T20WorldCup #T20WorldCup21 #AUSvSA",2021-10-21 10:40:11+00:00,1,underprepared
13,1451454458185990000,"#T20WorldCup #AUSvSA

Australia's top order in focus against in-form South Africa üèè

#Australia will hope their lacklustre top order can fire from the word go when they open their @T20WorldCup campaign against #SouthAfrica

Preview ‚úçÔ∏è https://t.co/rDAFyI2Z6O https://t.co/bJQrKK2w6j",2021-10-22 07:44:44+00:00,1,"lacklustre
In-form"
13,1451625526960030000,"Today's Prediction

#AUSvSA

#SAF winner

#ENGvWI

#WI winner

#T20WorldCup",2021-10-22 19:04:30+00:00,1,prediction
13,1451720374614370000,Prediction for four matches. South Africa will win against Australia. England will win against West Indies. Sri Lanka will win against Bangladesh. India will win against Pakistan #SAvAUS #AUSvSA #ENGvWI #WIvENG #SLvBAN #BANvSL #INDvPAK #PAKvIND #T20WorldCup,2021-10-23 01:21:23+00:00,1,prediction
13,1451756976778600000,"match day who will win first match #Australia #SouthAfrica #AUSvSA #INDvPAK #T20WorldCup #IndvsPak #yaari #IND
like share retweet and follow me
@DrGumsNProbes @bros_cric @AnjanAniket @dimri_fc",2021-10-23 03:46:50+00:00,0,
13,1451789271564780000,"Let's Start a Prediction game :

 South Africa to win.
 Markram To Star.

#T20WorldCup
#SAvAUS",2021-10-23 05:55:09+00:00,1,prediction
13,1451789493669960000,"I think South Africa has the upper hand in today's match.
#AUSvSA #Aus V #SouthAfrica #T20WorldCup https://t.co/0oJAcapPez",2021-10-23 05:56:02+00:00,1,upper hand
13,1451832040345720000,"#Australia have the advantage in head-to-head stats against #SouthAfrica

Who starts favorites in the opening match of the Super 12s?

#AUSvSA #T20WorldCup https://t.co/KZuEg5ZwPb",2021-10-23 08:45:06+00:00,1,advantage
13,1451846031985960000,"Prediction time:- Australia &amp; England to win today's encounter in the T20 World Cup...
#T20WorldCup
#AUSvSA
#ENGvWI",2021-10-23 09:40:42+00:00,1,win
14,1451590190124850000,"Rain-hit chases, a @henrygayle storm, and a fitting final. @englandcricket have lost all of their five T20 World Cup matches against @windiescricket so far. Can they break the duck tomorrow? üè¥Û†ÅßÛ†Å¢Û†Å•Û†ÅÆÛ†ÅßÛ†Åø üå¥ https://t.co/87S4ljP536 #England #WestIndies #MissionMaroon #ENGvWI #T20WorldCup",2021-10-22 16:44:05+00:00,1,lost
14,1451649534770170000,"okay we are into the super 12 now
Tommorow's prediction
1. AUSv SA - its really hard, but lets support Australia here

2. ENGvWI - finalist of 2k16, but lot have changed so here its England

#T20WorldCup",2021-10-22 20:39:54+00:00,1,prediction
14,1451820106988740000,"The final dance of a great #WestIndies side begins today, most likely we might not see few players in the next #T20WorldCup , they have given lots amazing moments in this format, won titles and will be looking to end it on a high.

#ENG #WI #ENGvWI",2021-10-23 07:57:41+00:00,1,"on a high
won"
14,1451839555338840000,"20 Minutes before the toss I am predicting.

#AUSvSA

WINNER: #AUS

#ENGvWI

WINNER: #ENG

#T20WorldCup",2021-10-23 09:14:58+00:00,1,"Winner
predicting"
14,1451843248012540000,"Haven't been this excited for anything in quite some time! Let's hope the cricket lives up to expectations! I think I'm going with SA and England to win today üëÄ

#T20WorldCup
#SAvsAUS
#ENGvWI",2021-10-23 09:29:38+00:00,1,win
14,1451846407661360000,"#aus won toss and choose bowl first against #ProteaFire

#ICCT20WorldCup2021
#australia
#WestIndies
#Pakistan
#India
#ENGLAND
#SouthAfrica
#AUSvSA
#ENGvWI
#T20WorldCup",2021-10-23 09:42:12+00:00,0,
14,1451873539363980000,"Contenders' England must go all-in as ageing West Indian stalwarts look for one last hurrah

#ENGvWI | #T20WorldCup",2021-10-23 11:30:00+00:00,1,"contenders
go all-in"
14,1451878569584600000,"England have never beaten West Indies in the T20 World Cup in five attempts.

Tonight's the sixth meeting ü§ùü§ù

#ENGvWI #T20WorldCup https://t.co/JxcHdPbQXa",2021-10-23 11:50:00+00:00,1,never beaten
14,1451895459946110000,"AUS &amp; ENG to wins today üòä
That's all my predictions for today
Thank you very much üôè
#T20WorldCup #AUSvSA #ENGvWI",2021-10-23 12:57:07+00:00,1,"wins
predictions"
14,1451904864255040000,"England won the toss and opt to bowl first against West Indies in Dubai!

#T20WorldCup #WIvENG",2021-10-23 13:34:29+00:00,0,
14,1451905362257340000,"Morgan wins the toss

And England will be Bowling first

#ENGvWI #T20WorldCup",2021-10-23 13:36:28+00:00,0,
14,1451905848863690000,#Eng have won the toss and elected to bowl first... Dre Russell is playing for #WI !! A proper battle between two sided packed with heavy hitters!!? #T20WorldCup #T20WorldCup21 #LiveTheGame #ENGvWI #WIvEng,2021-10-23 13:38:24+00:00,0,news
14,1451906423864970000,"Yayy, @tmills15 is back in England's playing 11 tonight!

#pacejournal #mills #T20WorldCup #ENGvWI",2021-10-23 13:40:41+00:00,0,news
16,1433444153300370000,"Pressure will be more on India than us: Babar Azam on T20 World Cup clash

#T20WorldCup #India #Pakistan #INDvPAK #IndiavPakistan #PAKvIND #t20worldcup2021

https://t.co/vbvBphcl6J",2021-09-02 14:58:12+00:00,0,
16,1450908318977990000,"""Pakistan Is Going To Win Against   Arch-Rival Insha Allah Mark My Words
üòçüíö"" 
#T20WorldCup #Pakistan #PAKvIND #samoüê∞",2021-10-20 19:34:34+00:00,1,win
16,1451209131868570000,"#T20WorldCup #INDvPAK #INDvsPAK

India outclassed Pakistan as far as both teams record over the last 10 years in T20Is is concerned

Here's how India and Pakistan have fared in the last decade in T20Is https://t.co/gtBw4erGYc",2021-10-21 15:29:53+00:00,1,outclassed
16,1451427746811280000,"Prediction-India will be undefeated in this world cup.
#ICCT20WorldCup #Cricket #CricketTwitter #KLRahul #ViratKohli #RohitSharma #INDvPAK #T20WorldCup #T20WorldCup2021 https://t.co/3uHPQw8P6W",2021-10-22 05:58:35+00:00,1,"prediction
undefeated"
16,1451439053761500000,"Who will win the Toss #INDvsPAK ?
?
?
?

#INDvPAK #India #T20WorldCup
#indiaVsPakistan #IndvsPak",2021-10-22 06:43:31+00:00,0,
16,1451606494437270000,"India has the strongest squad in the T20 World Cup. They can definitely win it.
#T20WorldCup #INDvPAK",2021-10-22 17:48:52+00:00,1,win
16,1451786029891860000,"India is definitely a better side than Pakistan. Unless something dramatic happens India should win comfortably, tomorrow! In cricketing parlance, the buildup for this game seems to be a bit overboard. Of course, the buildup is for non-cricketing reasons  #T20WorldCup #INDvPAK",2021-10-23 05:42:17+00:00,1,"win comfortably,"
16,1451802410741990000,"IND vs PAK, T20 World Cup 2021: Mohammad Amir Predicts the Winner for the Mouth-Watering Tie, Believes India Has an Upper Hand

#INDvPAK | #T20WorldCup | #T20WorldCup2021

https://t.co/3Hvl2iSoYZ",2021-10-23 06:47:22+00:00,1,upper hand
16,1451828351358870000,"Pakistan announced 12 Member Squad for the Match against India.. Sarfaraz, Wasim Jr &amp; Nawaz not consider for the game..
#INDvPAK #PAKvIND #Pakistan
#T20WorldCup https://t.co/Tj3Ga1wrrn",2021-10-23 08:30:27+00:00,0,news
16,1452174592173210000,"Who will win today
#GreenShirtsWillWin
#ICCT20WorldCup2021 #PAKvIND #T20WorldCup
@Master_PTI @TeamWPak_",2021-10-24 07:26:17+00:00,1,win
16,1452202291054900000,Inshallah Pakistan will defeat India in the first match today. #INDvPAK #T20WorldCup,2021-10-24 09:16:21+00:00,1,defeat
16,1452214069134560000,"What will happen today?

#T20WorldCup #INDvPAK  #TeamIndia #MaukaMauka Glance T20 Adda https://t.co/vwrdgo7IpO",2021-10-24 10:03:09+00:00,0,
16,1452267060462030000,"Pakistan won the toss and elected to bowl first
#T20WorldCup #PAKvIND",2021-10-24 13:33:43+00:00,0,
16,1452268580444290000,"Pakistan have won the toss and they decided to bat first
#PAKvIND
#T20worldcup",2021-10-24 13:39:46+00:00,0,
17,1452564027754740000,"Today's prediction
Afg üá¶üá´ vs Sco üè¥Û†ÅßÛ†Å¢Û†Å≥Û†Å£Û†Å¥Û†Åø
Winner - Afg üá¶üá´
#T20WorldCup #afg #sco
#AFGvSCO",2021-10-25 09:13:46+00:00,1,"prediction
winner"
17,1452572524772950000,"Criclytics win predictor for tonight's game - Scotland - 38% v Afghanistan - 62%.

#SCOvAFG #T20WorldCup https://t.co/T5mE8u32i6",2021-10-25 09:47:32+00:00,1,predictor
17,1452629368539200000,"üö® TOSS üö®

#Afghanistan won the toss and elected to bat first against Scotland.

#AFGvSCO #T20WorldCup",2021-10-25 13:33:24+00:00,0,
17,1452633636700710000,"TOSS UPDATE: #Afghanistan have won the toss and elected to bat first against #Scotland. It will be an interesting contest to watch.

#AFGvSCO #SCOvAFG #T20WorldCup",2021-10-25 13:50:22+00:00,0,
18,1452706377604940000,"tomorrow's prediction-:

1. NZvPAK-it's really hard, #Pakistan gonna take this match very serious on account of what NZ have done last month, whatever it is,it will be battle b/w Babar and Kane and i can see that kane is winning

2. SAvWI-no chance for WI,SA will win
#T20WorldCup",2021-10-25 18:39:25+00:00,1,prediction
18,1452843863735940000,"Prediction Time ‚ú®‚ú®
Match 1:
Sa vs Wi
Prediction: South Africa to win.
Match 2:
Pak vs Nz
Prediction: Pakistan to win.
#T20WorldCup #PAKvNZ
#SAvWI",2021-10-26 03:45:44+00:00,1,prediction
18,1452932504596270000,South africa won the toss and will bowl against west indies first. #T20WorldCup #SAvWI,2021-10-26 09:37:57+00:00,0,
18,1452933225186140000,"BIG NEWS: Quinton de Kock has made himself unavailable to play today

https://t.co/aiDEa3ZVG9 | #SAvWI | #T20WorldCup https://t.co/2YgcBmorbM",2021-10-26 09:40:49+00:00,0,news
18,1452937746016880000,"South Africa have won the toss and have opted to field against the West Indies

Discuss at:

https://t.co/mL66XA3lHe

#T20WorldCup #SAvWI https://t.co/Rwjl2ecw5V",2021-10-26 09:58:47+00:00,0,
19,1452947583991700000,"#WestIndies will beat #SouthAfrica and #Pakistan will beat #NewZealand today
#PAKvNZ #NZvPAK #WIvSA #SAvNZ #Prediction #T20WorldCup",2021-10-26 10:37:53+00:00,1,"beat
prediction"
19,1452992089013320000,"#T20WorldCup Toss update: #Pakistan won the toss and opted to bowl first against #NewZealand

#PAKvNZ",2021-10-26 13:34:43+00:00,0,
19,1452992339505550000,"Pakistan have won the toss and will bowl. Looking for early wickets, and also dew expected, says Babar Azam. Pakistan are unchanged.
#Pakistan #NewZealand
#PAKvNZ #NZvPAK #PakvsNewzealand
#T20WorldCup",2021-10-26 13:35:43+00:00,0,
20,1453276835261860000,"Today is a must-win game for #Bangladesh!! The strong #England side will surely look to dominate another game. It will be an awesome contest. Good luck to both the teams!

#BANvENG #ENGvBAN #T20WorldCup",2021-10-27 08:26:12+00:00,0,
20,1453277796147540000,"‚ÄúBangladesh is a strong team... they're a dangerous side. They have some really experienced players in the team and we're expecting a tough challenge,‚Äù @josbuttler said.

#England #Bangladesh #ENGvBAN #T20WorldCup
https://t.co/yWYsIv7IbF",2021-10-27 08:30:01+00:00,0,
20,1453291249146990000,"Bangladesh run into confident England in first T20I meeting between sides

Who are you backing?

#ENGvBAN  #T20WorldCup #T20WorldCup2021 #BANvsENG #Cricket #eoinmorgan #mahmudullah https://t.co/qUpYCUyiiK",2021-10-27 09:23:29+00:00,0,
20,1453293847866390000,"Another big day for England at the #T20WorldCup but they are heavy favourites to beat Bangladesh - our market gives them an 81% chance of victory despite Eoin Morgan losing the toss.

Trade #ENGvBAN ‚û°Ô∏è https://t.co/vLVGZAKo3b https://t.co/wvQLc6f1fW",2021-10-27 09:33:48+00:00,1,beat
20,1453294097792480000,"Will Bangladesh be able to cause an upset against England?

#ENGLAND #Bangladesh #ENGvBAN #BANvENG #T20WorldCup #T20WorldCup21 #CricketTwitter",2021-10-27 09:34:48+00:00,0,
20,1453294164330910000,"High-flying #England aim to make it 2 in 2 while #Bangladesh hunt for their first points! Join @ImZaheer, @joybhattacharj &amp; @gbhimani on Cricbuzz Live

#T20WorldCup #ENGvBAN #CricketTwitter https://t.co/dyXkAU19l0",2021-10-27 09:35:04+00:00,0,
20,1453294257243140000,"BANGLADESH have won the toss and choose to bat √ó ENGLAND.

*Get this match report in in my
TELEGRAM CHANNEL.

#ENGvBAN #T20WorldCup",2021-10-27 09:35:26+00:00,0,
20,1453295041645000000,"Who will win this match?  #ENGvBAN
Bangladesh chose to bat first...
#T20WorldCup #ENGvBAN #BANvENG #ENGvsBAN #BANvsENG #Bangladesh",2021-10-27 09:38:33+00:00,0,
21,1453213340529050000,"Game on üëä

What are your predictions today?

#T20WorldCup #ENGvBAN #BANvENG #ENG  #Bangladesh #SCOvNAM #NAMvSCO #Scotland #Namibia #ICCT20WorldCup2021 #ICCT20WorldCup #ICc https://t.co/XHHhk0oopb",2021-10-27 04:13:54+00:00,0,
21,1453243843638340000,"After impressing in #T20WorldCup First Round action, #Namibia and #Scotland meet in Abu Dhabi eager to put a Super 12 win on the board.

All the news ahead of #SCOvNAM üëá

https://t.co/AiJV8dgA90",2021-10-27 06:15:06+00:00,0,
21,1453277789973530000,"Scotland look to bounce back after a disappointing loss while Namibia look to make a winning start! Which side get their first points tomorrow?

@bhogleharsha &amp; @joybhattacharj preview Match 21 on #CricbuzzLive

#SCOvNAM #T20WorldCup #CricketTwitter https://t.co/W1jvXDXhr1",2021-10-27 08:30:00+00:00,0,
21,1453353213101360000,"Who will win tonight?

#Namibia #Scotland #NAMvSCO #SCOvNAM #T20WorldCup21 #T20WorldCup2021 #T20WorldCup",2021-10-27 13:29:42+00:00,0,
21,1453354476832700000,"MATCH 21: #Namibia win the toss and elect to bowl first against #Scotland

#SCOvNAM #T20WorldCup https://t.co/IwhacenY7G",2021-10-27 13:34:43+00:00,0,
21,1453355919262280000,"#Scotland eye an improved performance while #Namibia look for a winning start. Join @ImZaheer, @joybhattacharj &amp; @gbhimani on Cricbuzz Live

#T20WorldCup #SCOvNAM #CricketTwitter https://t.co/j5t7hAy3jA",2021-10-27 13:40:27+00:00,0,
21,1453359025723210000,"Scotland's most-capped player and their leading run-scorer in T20Is, 'ultimate role-model' Richie Berrington steps into Kyle Coetzer's shoes to lead them tonight against Namibia.

#NAMvSCO | #T20WorldCup",2021-10-27 13:52:48+00:00,0,news
22,1453717088468660000,"Australia have won the toss and will bowl first.#AUSvSL
#T20WorldCup",2021-10-28 13:35:37+00:00,0,
22,1453718516498970000,"My #Prediction :

#Australia will win the match 100%

#AUSvSL
#T20WorldCup",2021-10-28 13:41:17+00:00,1,prediction
22,1453723052873680000,"Aaron Finch wins toss, Australia opt to field against Sri Lanka;

#T20WorldCup #AUSvSL https://t.co/Gk4KJIJ5wR",2021-10-28 13:59:19+00:00,0,
23,1453619144209820000,"#T20WorldCup: West Indies, Bangladesh face must-win situation against each other

READ: https://t.co/8cENU3wuPR

#WIvBAN #BANvWI https://t.co/QaHB3ZO7WH",2021-10-28 07:06:25+00:00,0,
23,1453680195144140000,"Head to head in last 5 games, Bangladesh leads 3-2

WI vs BAN Dream11 predictions: https://t.co/JVAXKX0IVZ

#Cricket #WorldCup #T20WorldCup #T20WorldCup21 #WIvBAN #WIvsBAN #WestIndies #Windies #Bangladesh #WI #BAN #Dream11 #Follow",2021-10-28 11:09:01+00:00,0,
23,1453964914389700000,"Prediction Time:-

Match No. 23

WI vs BAN

Winner:- WI

Prediction Result:- 14/22

#WestIndies #Bangladesh #WIvBAN #BANvWI #T20WorldCup #T20WorldCup21 https://t.co/JJcf3FRFTL",2021-10-29 06:00:23+00:00,1,"prediction
winner"
23,1454016795128430000,Both #Bangladesh and #WestIndies lost their first two games! They are now in the unofficial elimination zone! Loser in this game will have chances next to none to make it to the semi-finals! #T20WorldCup #BANvWI,2021-10-29 09:26:32+00:00,0,
23,1454018048663320000,"#T20WorldCup #WI vs #BNG

A big match for two struggling sides. #Bangladesh were expected to do better in conditions suitable them, but they have not gotten going. #WestIndies' title defence is on the brink. A must-win clash in Sharjah.

#WIvBAN blog: https://t.co/r1I4vDQ8W0 https://t.co/gpKGpj9Bpu",2021-10-29 09:31:31+00:00,0,
23,1454018721429610000,"It's a must-win game for both sides. Who will be knocked out of T20 World Cup 2021? ü§î

#WIvBAN #T20WorldCup #WestIndies https://t.co/y4EfIYYEC6",2021-10-29 09:34:12+00:00,0,
23,1454018756351440000,#Bangladesh have won the toss and elected to bowl first!!! #T20WorldCup #T20WorldCup2021 #CricketTwitter #BANvWI #WIvBAN,2021-10-29 09:34:20+00:00,0,
24,1453677677601330000,"#Pakistan will be up against their neighbors #Afghanistan tomorrow in Dubai as both teams are undefeated so far who will win this big game in Dubai?
#PAKvAFG
#TeamPakistan
#LiveTheGame
#T20WorldCup",2021-10-28 10:59:01+00:00,0,
24,1453803755032430000,"Can Pakistan make it 3 in 3 by defeating Afghanistan in their Super-12 match tomorrow?

Discuss at:

https://t.co/uLdMU01umf

#T20WorldCup #PAKvAFG https://t.co/vYnph6HGo5",2021-10-28 19:20:00+00:00,0,
24,1453980635488520000,"Head to head:¬†Pakistan and Afghanistan have played only one T20I against each other - in 2013. Pakistan won that match by 6 wickets with only a ball to spare.
#AFGvPAK #AfgvsPak #Cricket #T20WorldCup #ICCT20WorldCup2021 #ICCT20WorldCup #PakistanCricket #Pakistan #Pak #PAKvAFG",2021-10-29 07:02:51+00:00,0,
24,1454012790495230000,"Pakistan eye a hat-trick of wins that will send it straight to the Semi-Finals, but in-form Afghanistan stand in the way

Afghanistan, with their fabulous net run rate, will replace Pakistan at the top of Group-2 with a win today

#PAKvAFG #T20WorldCup #AFGvPAK",2021-10-29 09:10:38+00:00,1,win
24,1454023431343700000,"Prediction Time

Match 11: Bangladesh v WestIndies
I'll go with West Indies

Matche 12: Afghanistan vs Pakistan
I'll go with Pakistan

#T20WorldCup #PAKvAFG",2021-10-29 09:52:55+00:00,1,prediction
24,1454043479215060000,"I believe In #Pakistan
And i Believe that they'll Win Quite Comfortably‚úåüèª
#Pakistan #T20WorldCup
#PAKvAFG #Afghanistan",2021-10-29 11:12:34+00:00,1,win
24,1454079542973310000,"Afghanistan has won the toss and have elected to bat first.

Afghanistan and Pakistan are both unchanged from their previous games.

#PAKvAFG #T20WorldCup",2021-10-29 13:35:53+00:00,0,
24,1454079877561290000,"Afghanistan have won the toss in Dubai and elected to bat first üèè

#T20WorldCup | #PAKvAFG | https://t.co/1VM4iAyNq4 https://t.co/8G3tpS6oOU",2021-10-29 13:37:12+00:00,0,
24,1454082487764790000,"Afghanistan have won the toss in Dubai and elected to bat first.
both teams are unchanged from there previous match.
#T20WorldCup | #PAKvAFG https://t.co/YTG0rL1R9J",2021-10-29 13:47:35+00:00,0,
25,1454300485624760000,"The Proteas lead the Head to Head count in T20 World Cups. Can Sri Lanka turn the tables with a win today? ü§î #T20WorldCup #SLvSA #RiceUp #ApeKollo

For More Content on T20 World Cup üëâ https://t.co/t1irN3lf7h https://t.co/dESNcmxboh",2021-10-30 04:13:50+00:00,0,
25,1454323688795480000,"South Africa can beat dark horses Sri Lanka after West Indies triumph, says Morkel

https://t.co/yVidM6l0rK

#T20WorldCup #HomeofT20 #SAvSL #Cricket",2021-10-30 05:46:02+00:00,1,beat
25,1454341881853210000,"A Must-win Game for both the sides to continue to the Race to Semi Finals.
#SouthAfrica take on #SriLanka in Sharjah at 03:00 P.M.
Who do you think can win today's game‚ùìüßê

#SAvSL | #T20WorldCup | #LiveTheGame https://t.co/rkWCEtPcAL",2021-10-30 06:58:19+00:00,0,
25,1454343182343220000,"South Africa are comprehensively ahead of Sri Lanka when it comes to the head to head records üáøüá¶üá±üá∞üèè

Who will win their second game of the tournament today? ü§î
#cricket #matchday #tournament #t20worldcup #sportzcraazy #followus #headtohead #champions #SAvSL https://t.co/9IfQCncN3d",2021-10-30 07:03:29+00:00,0,
25,1454380369113850000,"Prediction Time:-

Match No. 25

SA vs SL

Winner:- SL

Prediction Result:- 16/24

#SouthAfrica #Srilanka #SAvSL #SLvSA #T20WorldCup #T20WorldCup21 https://t.co/PUDPPNDaGr",2021-10-30 09:31:15+00:00,1,prediction
25,1454380961282480000,"South Africa have won the toss and elect to bowl first.

#T20WorldCup #SAvSL",2021-10-30 09:33:36+00:00,0,
25,1454381048574390000,"MATCH 25: #SouthAfrica win the toss and elect to bowl first against #SriLanka

#SAvSL #T20WorldCup https://t.co/MzS4sC9w9B",2021-10-30 09:33:57+00:00,0,
42,1457709427902100000,"""Ravi Shastri ends his time coaching """"one of the greatest teams in the history of the game""""

#INDvNAM | #T20WorldCup https://t.co/xcZiPCVNkd""",2021-11-08 13:59:45+00:00,0,
42,1457709405995250000,"""#India take the knee, #Namibia stand with fists raised, and Stephan Baard and Michael van Lingen take their places at striker's and non-striker's end respectively.

Mohammed Shami will bowl the first over - PLAY BALL!

#INDvNAMüèèüáÆüá≥üá≥üá¶
#T20WorldCup
#GCFromHome""",2021-11-08 13:59:39+00:00,0,
42,1457708909448280000,"Tonight is the final night that marks the end of T20 captaincy for @imVkohli.

#India is truly blessed to have such a dynamic captain. 

Wishing him all the best for the future endeavours.

Vande Mataram
#IndvsNam #IndianCricketTeam #BCCI #INDvNAM #T20WorldCup #t20worldcup2022",2021-11-08 13:57:41+00:00,0,
42,1457708901567230000,"Ladies and Gentlemen, The High Voltage game of this #t20WorldCup is #INDvNAM
The eyes of the whole world are on these two teams. Will Kohli XI be able to win against Namibia for the first time?üòâüòâ
#TeamIndia",2021-11-08 13:57:39+00:00,0,
42,1457704490736490000,"It's been an honour to captain India and I've done my best. The shortest format has to give way for the longest format. It's time for the next lot to take the team forward. Rohit has been looking on anyway, and Indian cricket is in good hands: Kohli

#INDvNAM #T20WorldCup",2021-11-08 13:40:08+00:00,0,
42,1457703151616890000,"Toss news from Dubai ü™ô 

India have won the toss and will field first.

#T20WorldCup | #INDvNAM | https://t.co/58OdXy36FP https://t.co/LHgoobYU48",2021-11-08 13:40:08+00:00,0,won the toss
42,1456846645056860000,"""Scenario to qualify for Semi Final isn't that complicated now..

Afghanistan beat New Zealand by &lt;50runs, and India win by &gt;37runs/chase in 15.5 overs.

Afghanistan beat NZ by &lt;25runs, and India win by &gt;14 runs/chase in 18 overs.

#T20WorldCup #IndvPakFinal 
#AfgvsNZ #INDvNAM""",2021-11-06 04:51:21+00:00,1,win by
42,1456666593140690000,"Afg will beat NZ with small margin...

Ind will beat Nambi with big run margin ...

 üëÄüëÄüëÄüëÄüëÄ
#T20WorldCup #INDvNAM #AfgvsNZ #waytosemefinal",2021-11-05 16:55:54+00:00,1,run margin with small margin 
42,1455934267481990000,"#TeamIndia is always good at performing after elimination. 
In 2007 world cup, India after getting eliminated from tournament scored 413/5 in 50ovs against Bermuda.
Now we can do that for 3 matches.

#PostEliminationPerfomance #T20WorldCup #INDvAFG #INDvSCOT #INDvNAM #India",2021-11-03 16:25:53+00:00,1,
42,1455367514427250000,Who will win the next match! INDvNAM #T20WorldCup #IndiaVsNewZealand #HarMaidanFateh,2021-11-02 02:53:49+00:00,0,who will win
42,1457705227658920000,"""India Won The Toss and Elected to Bowl First Against Namibia üèè

Playing XI's Of Both Sides üëá

#Cricket #T20WorldCup #INDvNAM #NAMvIND #T20WorldCup2021 #SportsTrendsCan https://t.co/lzQZ4awIRu""",2021-11-08 13:43:03+00:00,0,elected to bowl
42,1457612589425310000,"""Poll: Should #TeamIndia include #IshanKishan in the Playing XI against #Namibia today? 
#T20WorldCup #t20worldcup2021 #cricket #poll #INDvsNAM #INDvNAM #NAMvIND #NAMvsIND""",2021-11-08 07:34:57+00:00,0,?
42,1457651600298700000,"""It's the last and an inconsequential game of Super 12
#T20WorldCup #T20WorldCup21 #ICCT20WC #IndianCricketTeam #IndvsNam #Namibia #INDvNAM #NAMvsIND #NAMvIND #ViratKohli https://t.co/keBcLAOBhU""",2021-11-08 10:09:58+00:00,0,
42,1455537786967230000,Is Rohit brave enough to Face Trumpelmann or will he run away again? #INDvNAM  #T20WorldCup,2021-11-02 14:10:25+00:00,0,
41,1457346588553190000,"""TheRealPCB: Pakistan win toss, elect to bat first.

#PAKvSCO | #T20WorldCup | #WeHaveWeWill https://t.co/ZRxjkeMEBJ #LetTheGamesBegin #PSL2016 #PSL #HBLPSL""",2021-11-07 13:57:57+00:00,0,win toss
41,1457346580818890000,"""Pakistan is the only team who has won all the matches in this #T20WorldCup, will Pakistan continue their winning streak?

#PAKvSCO | #Cricket | #Pakistan | #T20WorldCup | #WeHaveWeWill | #BabarAzam https://t.co/qLPITJdK2p""",2021-11-07 13:57:55+00:00,0,?
41,1457346395338250000,"Yes #Pakistan dominant side in this #T20worldcup ,,, 
But my favorite team is @CricketScotland ‚ô•Ô∏è 

#Scotland end the tournament with win and gives any surprise to #PAK ,,,ü§û may be 

#PAKvSCO",2021-11-07 13:57:11+00:00,1,with win
41,1457345671707620000,"""Scotland the Brave - They will want to go out fighting with some pride. Can they spring a huge surprise here?

FOLLOW LIVE:
üëâhttps://t.co/X4wBqPdZN4üëà

#T20WorldCup21 | #T20WorldCup | #PAKvSCO | #SCOvPAK https://t.co/9DBJ0JOEz3""",2021-11-07 13:54:18+00:00,0,?
41,1457344115155280000,"""Pakistan won the toss and batting first against üè¥Û†ÅßÛ†Å¢Û†Å≥Û†Å£Û†Å¥Û†Åø 
‚Ä¢who will win?
#Cricket | #CricketRoom
#PAKvSCO |  #Pakistan  #T20WorldCup | #BabarAzam | https://t.co/bpu56rZlnB""",2021-11-07 13:48:07+00:00,0,"will win , won the toss, batting first"
41,1457343729510010000,"#T20WorldCup #Match_41
#Pakistan v #Scotland  

#Pakistan won the toss and choose to bat first ‚úÖüáµüá∞üèè

All the best #Pakistan #WeHaveWeWill we will win fifth match consecutive Insha Allah ‚úåÔ∏è

#AfgvsNZ #NZvsAfg #INDvNAM #PAKvSCO #NZvAFG #Pakistan",2021-11-07 13:46:35+00:00,1,we will win
41,1457343593580950000,"""Pakistan have won the toss and elected to bat in Sharjah üèè 

#T20WorldCup | #PAKvSCO https://t.co/INob5nFHk5""",2021-11-07 13:46:03+00:00,0,won the toss
41,1457342828330240000,"""Pakistan won the toss and batting first against Scotland, who will win?

PC: PCB

#PAKvSCO | #Cricket | #Pakistan | #T20WorldCup | #WeHaveWeWill | #BabarAzam https://t.co/YmK9RGQ3Vp""",2021-11-07 13:43:01+00:00,0,"wont the toss, ?"
41,1457342048864920000,"""""""We're going to bat first. We want to put runs on the board and put pressure on them. To be honest, we are only looking to carry on the momentum. We are playing the same team. The people are supporting us and we are happy with our performance"""" - Babar Azam

#PAKvSCO #T20WorldCup""",2021-11-07 13:39:55+00:00,0,quotes
41,1457341972532920000,"Pakistan will Bat First! 
Pakistan is Going with Same Squad! 
#PAKvSCO 
#T20WorldCup",2021-11-07 13:39:37+00:00,0,bat first
41,1457339619406710000,"""Pakistan takes on Scotland! Head-to-head Pakistan comes out to be stronger but Scotland might surprise the fans tonight! PAKvSCO

@T20WorldCup @babarazam258 @TheRealPCB @CricketScotland @llct20 

#T20WorldCup, #ICCT20WorldCup2021, #PakvScotland, #PAKvSCO, #Cricket #LLCT20 https://t.co/pQe4T8LRjZ""",2021-11-07 13:30:15+00:00,1,suprise
41,1457336958833720000,"""Can Pakistan top the group with a win? Or can Scotland cause an upset? 

Join the build-up ‚§µÔ∏è

#PAKvSCO | #T20WorldCup""",2021-11-07 13:19:41+00:00,0,"Can, ? "
41,1457293182975330000,"Pakistan ready to clean swip in world cupüáµüá∞üòç In Shah Allah we win todayüòäüòä
#PAKvSCO
#PakistanZindabad 
#ICCT20WorldCup2021 
#T20WorldCup https://t.co/lXBD8ovZPA",2021-11-07 10:25:44+00:00,1,we win
41,1457279155846920000,"""#T20WorldCup #PAKvSCO 

After hammering by India, Scotland captain says, ‚Äòwe will give better display vs Pakistan‚Äô;

Check Out ‚§µÔ∏è https://t.co/2OrmwqrVBN""",2021-11-07 09:30:00+00:00,0,says
41,1457272466120880000,"""Supporting New Zealand in #NZvAFG 
&amp; Pakistan in #PAKvSCO match today.
""""Fixers will lose today against NZ, IA.""""
#T20WorldCup""",2021-11-07 09:03:25+00:00,1,supporting
41,1457260232242040000,"""Pakistan will take on Scotland today at 7pm at Sharjah Cricket Stadium 

Who will win today's game? 

#TrendingPakistan #PAKvSCO #T20WorldCup #Cricket https://t.co/0RdJ4M2d6M""",2021-11-07 08:14:48+00:00,0,who will win
41,1457248513297820000,"#T20WorldCup remaining match prediction

#NZvAFG #AFG win
#PAKvSCO #PAK win
#INDvNMB #IND win

#SemiFinals

#PAKvAUS #AUS win
#ENGvIND #IND win

#FINAL

#AUSvIND #IND win

@MichaelVaughan
@mufaddal_vohra @CricCrazyJohns @meme_ki_diwani @vikrantgupta73 
@cricketaakash",2021-11-07 07:28:14+00:00,1,"prediction, win used several times"
41,1457233182483490000,"A most monumental day in the tournament, and I'm making a big claim that India is getting knocked out today.
Afghanistan vs New Zealand: üá≥üáø
Pakistan vs Scotland: üáµüá∞
Not your tournament, India (like any of the last 6)
#T20WorldCup #AFGvNZ #PAKvSCO",2021-11-07 06:27:19+00:00,1,"making, claim"
41,1457219974502620000,"""#T20WorldCup #SemiFinalist

0Ô∏è‚É£1Ô∏è‚É£ #Pakistan ‚úÖ
0Ô∏è‚É£2Ô∏è‚É£ #England ‚úÖ
0Ô∏è‚É£3Ô∏è‚É£ #Australia ‚úÖ
0Ô∏è‚É£4Ô∏è‚É£ ________ ‚ùì

Who will qualify for 4th #SemiFinalist?

üí† #India
üí† #NewZealand
üí† #Afghanistan 

#AfgvsNZ #NZvsAfg #INDvNAM #PAKvSCO #NZvAFG""",2021-11-07 05:34:50+00:00,0,who will qualify
41,1457029870643550000,"Pakistan should prepare themselves for #Australia it will be #Aus vs #Pak in the Semifinals 
Good Luck #TeamPakistan 
#T20WorldCup #PAKvSCO #Scotland #PAKvsSCO #NZvsAfg #NZvAFG",2021-11-06 16:59:26+00:00,1,it will be
41,1457005000387930000,"""#Pakistan will play their last game of super 12 against #Scotland tomorrow!

Should Pakistan play a changed playing XI and give rest to few players OR not?

#PAKvSCO #T20WorldCup
#TheBaghStallions https://t.co/wyI81Ilbq9""",2021-11-06 15:20:36+00:00,0,?
41,1457284116488060000,"Who do you think is going to win today?
#NZvAFG #T20WorldCup",2021-11-07 09:49:43+00:00,0,who do you
40,1457283942072020000,"""Afghanistan chooses to bat first ü§®

#AfgvsNZ #T20WorldCup #NZvAFG""",2021-11-07 09:49:01+00:00,0,bat first
40,1457283684172640000,"Said Fact Only
Who Will Win Thatday ??
#NZvAFG
#T20WorldCup
#BCCI #India #Afghanistan #NewZealand #Master #Beast",2021-11-07 09:47:59+00:00,0,who will win
40,1457283472939040000,Who's gonna win today? ,2021-11-07 09:47:09+00:00,0,"who's gonna win, ?"
40,1457282796234240000,"""Afghanistan have won the toss and elected to bat. 

#T20WorldCup #NZvAFG #NewZealand #Toss #TeamNewZealand #Afghanistan #TeamAfghanistan https://t.co/zxfB0Ok0Wh""",2021-11-07 09:44:28+00:00,0,won the toss
40,1457282674180170000,"InshaAllah new Zealand will win
#T20WorldCup #NZvAFG #blackcaps",2021-11-07 09:43:59+00:00,1,will win
40,1457282553501690000,"""Afghanistan have decided to bat first against New Zealand. 

Mujeeb Ur Rahman returns for Afghanistan, while the Kiwis are unchanged. 

#NZvAFG #T20WorldCup https://t.co/DXKOwcfcVj""",2021-11-07 09:43:30+00:00,0,bat first
40,1457282414787510000,"Afghanistan will score 174 
#NZvAFG #AfgvsNZ #T20WorldCup",2021-11-07 09:42:57+00:00,1,will score
40,1457282355828170000,"""""""INSIDE ME THERE IS A DIFFERENT MAN """"

Match day
Lets rock

#T20WorldCup #afg #NZvAFG https://t.co/BkzVUyxy2w""",2021-11-07 09:42:43+00:00,0,""""""
40,1457282253558450000,"""Who will win the match today?
#NZvAFG #NZvsAfg #T20WorldCup #t20worldcup2021 #T20WorldCup21""",2021-11-07 09:42:18+00:00,0,who will win
40,1457282125485510000,"Mujeeb Ur Rahman is back in the XI for #Afghanistan, while #NewZealand are unchanged

Predictions? #NZvAFG  

#T20WorldCup #AFGvNZ 
#Muhammad_Yousaf #AFG https://t.co/fzovVYVdCI",2021-11-07 09:41:48+00:00,0,?
40,1457281653194120000,"""""""We will do our best and try to win the match.""""
- AFG skipper @MohammadNabi007 

Hope so.... ü§ûüèª

#support #Afghanistan #NZvAFG #T20WorldCup""",2021-11-07 09:39:55+00:00,0,quotes
40,1457281577013020000,"How are you feeling India fans?

#NZvAFG #AFGvsNZ #T20WorldCup",2021-11-07 09:39:37+00:00,0,?
40,1457281539717280000,"Seems like they heard you.
#Afghanistan opted to bat first.
#NZvAFG 
#T20WorldCup https://t.co/66Iif5XYJO",2021-11-07 09:39:28+00:00,0,bat first
40,1457276603155840000,"""üá¶üá´Afghanistan 

Easy win today 

Mujeeb 3 wickets 
Rashid 3 wickets 

And Indian play semifinal üíñü§óüëå

New Zealand go home üòúüòÇ

#T20WorldCup 
#NZvAFG 
#AFGvNZ 
#Afghanistan 
#NZ https://t.co/bYj9M1r3B7""",2021-11-07 09:19:51+00:00,1,easy win
40,1457274274968920000,"""NEWS ALERT: Mujeeb Ur Rahman is part of the pre-match training session. He is most likely to play today's game vs NZ. 

#AFGvNZ #AfgvsNZ 
#NZvAFG #NZvsAfg #NZ
#AFG  #Cricket
#T20WorldCup #T20WorldCup21 #t20worldcup2021 #ICCT20WorldCup2021 #ICCT20WorldCup""",2021-11-07 09:10:36+00:00,0,news
40,1457272830685490000,News from Abu Dhabi: Mujeeb is looking fit and doing pre-match drills and he will most probably be playing the big game today vs New Zealand. #NZvAFG #T20WorldCup,2021-11-07 09:04:52+00:00,0,news
40,1457272270242470000,"Today, the whole of #India will be cheering for #Afghanistan. It is tough for them to beat #NewZealand but not impossible.

Win Prediction:

New Zealand üá≥üáø - 80%
Afghanistan üá¶üá´ - 20%

#NZvAFG #T20WorldCup",2021-11-07 09:02:38+00:00,1,prediction 
40,1457271948434600000,"""#T20WorldCup #NZvAFG | LIVE COVERAGE

30 minutes to the toss. Which captain will the coin favour?

Follow all the action from #NZvsAFG on the live blog:

https://t.co/yLIkTBYwN6""",2021-11-07 09:01:21+00:00,0,?
40,1457256392918700000,"#NZvAFG 
NZ is too bigger a side to lose from Afg. 
No matter how much we are optimistic, it‚Äôs going be NZ in SF‚Äôs .
So 2 Semi Finals - NZL Vs Eng &amp; Aus Vs Pak. 
And I don‚Äôt see Pakistan winning the cup. #SemiFinals #WorldCupT20 #ICCT20WorldCup2021 #T20WorldCup",2021-11-07 07:59:33+00:00,1,going be/going to be
40,1456664866647900000,"All eyes on NZ v AFG. If Afghanistan win, India will qualify (due to their NRR which might shoot even more in their next game) and if New Zealand win, they will qualify. A big stretch in the t20 World Cup 2021.
#INDvAFG #NZvAFG #t20worldcup2021 #T20WorldCup",2021-11-05 16:49:02+00:00,0,If
40,1457285426406840000,"""We always love batting first, and try to defend that. Against India we had the dew factor in mind so we wanted to take advantage of that. Today, it is a day game today, so we'll try to bat first and defend that,"" said Rashid Khan #T20WorldCup #AFGvNZ",2021-11-07 09:54:55+00:00,0,quotes
40,1457284360516820000,"Let's go #Afghanistan . It's clobbering time!

#AFGvNZ #NZvAFG #T20WorldCup",2021-11-07 09:50:41+00:00,1,clobbering
40,1457282125485510000,"""Mujeeb Ur Rahman is back in the XI for #Afghanistan, while #NewZealand are unchanged

Predictions? #NZvAFG  

#T20WorldCup #AFGvNZ 
#Muhammad_Yousaf #AFG https://t.co/fzovVYVdCI""",2021-11-07 09:41:48+00:00,0,?
40,1457281998171640000,"Mohammad Nabi has won the toss. Afghanistan will bat first. Mujeeb is back in the playing XI, of-course üòÇ #NZvAFG #NZvsAfg #T20WorldCup #AFGvNZ #AfgvsNZ",2021-11-07 09:41:18+00:00,0,won the toss
40,1457277037773730000,"MY Oppinion Today match is winning by Afghanistan Some HGood Helped For India in the semifinal
#T20WorldCup #AFGvNZ",2021-11-07 09:41:18+00:00,0,opinion
40,1457221890481680000,"Will #AFG help #TeamIndia to qualify for #T20WorldCup Semi Final ?

Watch my preview of #AFGvNZ üîó https://t.co/ABX7nGKuLv

#DafaNewsIndia #CricItWithBadri https://t.co/jBocapKTBU",2021-11-07 05:42:27+00:00,0,?
39,1456982365302040000,"""#England won the toss and elected to ball first...

#ENGvSA 
#T20WorldCup 
#T20WC""",12/7/21 18:37,0,won the toss
39,1456981474981200000,"""Mark Wood replaces the injured Tymal Mills as #England opt to bat first against #SouthAfrica. #ENGvSA #T20WorldCup 

https://t.co/DycK3UmbLy""",2021-11-06 13:47:07+00:00,0,bat first
39,1456978776777120000,"""#T20WorldCup

Proteas starting line up against England. 

England won the toss and opted to field first.

#LimSportsZone #ENGvSA https://t.co/GdkcanzbDC""",2021-11-06 13:36:24+00:00,0,won the toss
39,1456978645390550000,"Who is the anchor during the toss of England and south africa. He is so boring to ask things n no excitement. @ICC
@T20WorldCup
#ENGvSA #t20worldcup",2021-11-06 13:35:53+00:00,0,question word
39,1456976727905800000,"""Who will win tonight's crucial #T20WorldCup match between #SouthAfrica and #England?

#T20WorldCup21 #ENGvSA #SAvsENG #Cricket #CricketTwitter""",2021-11-06 13:28:15+00:00,0,question word
39,1456969879584740000,Not even going to put myself through the torture of watching #ENGvSA when I know we're already out. No fucken way! üòëüòë #T20WorldCup https://t.co/CuVtJEMdvz,,1,we
39,1456964582543610000,"""#T20WorldCup 2021 | #ENGvSA, prediction: Who will win today's match between England vs South Africa?

https://t.co/HtC0uv3Yjf""",2021-11-06 12:40:00+00:00,0,who will win
39,1456925852659170000,"South Africa or England

Who will win tonight?

#ENGvSA #T20WorldCup https://t.co/0cqfNq0DiV",2021-11-06 10:06:06+00:00,0,who will win
39,1456892430402320000,"""A big day with two semi-finalists to be decided. Any predictions?

Create your team now for today's games on @PaytmFirstGames!
Click here üëâ https://t.co/U0rdbmUKfy

#AUSvWI #AUS #WI #ENGvSA #ENG #SAF #T20WorldCup #PaytmFirstGames https://t.co/88LnXrUJ4I""",2021-11-06 07:53:17+00:00,0,?
39,1456887162608220000,"""Who won the #ENGvSA match ??
#T20WorldCup #T20WorldCup21 #t20worldcup2021 #Dream11 #dream11Prediction #Cricket #ENGLAND #SouthAfrica""",2021-11-06 07:32:21+00:00,0,?
39,1456851875337140000,"Winner of the 2nd game today?

#ENGvSA #T20WorldCup",2021-11-06 05:12:08+00:00,0,?
39,1456832926960600000,"""#Australia win against #WestIndies 

#England win against #SouthAfrica 

#T20WorldCup #AUSvWI #ENGvSA https://t.co/cpwl5CZ5h3""",2021-11-06 03:56:51+00:00,1,win against
39,1456580394476870000,"""Former pacer Morne Morkel feels #SouthAfrica can bowl themselves into the #T20WorldCup semifinals #ENGvSA 

https://t.co/DtyWAqcPQi""",2021-11-05 11:13:22+00:00,0,can
39,1456200009896970000,"Let me get this straight!

We'e playing the 2 teams that recently beat us in T20I bilateral in conditions closer to UAE than Australia?

Even *IF* we beat them, will still have to rely on #ENGvSA game for semifinal spot.

I don't like the odds here; but more sleep!ü§∑üèæ‚Äç‚ôÇÔ∏è #T20WorldCup",2021-11-04 10:01:51+00:00,0,we/us
39,1456983778644080000,A win by 61 runsüí™ Kockie needs to perform today #SouthAfrica #England #T20WorldCup #SAvENG,2021-11-06 13:56:16+00:00,1,win by
39,1456981442408420000,"""England Won The Toss and Elected to Bowl First Against South Africa üèè

Playing XI's Of Both Sides üëá

#Cricket #T20WorldCup #ENGvSA #SAvENG #T20WorldCup2021 #SportsTrendsCan https://t.co/NiNnpgc70Z""",2021-11-06 13:46:59+00:00,0,won the toss
38,1456848235838980000,"#T20WorldCup #WeHaveWeWill

Who will qualify for semi Final?
#Australia or #SouthAfrica

#ENGvSA #AUSvWI
#SAvENG #WIvAUS",2021-11-06 04:57:41+00:00,0,"who will win, ? "
38,1456924227198720000,"""Big match. Who will qualify for semis???

#Australia opt to bowl v #WestIndies

#AUSvWI #T20WorldCup #T20WorldCup21 https://t.co/lTwLwl5Kp2""",2021-11-06 09:59:38+00:00,0,who will
38,1456910956647170000,"Can the Aussies book a place in the #T20WorldCup Semis with a win over the struggling Windies?

Alarm clock6pm #AUSvWI 

#Australia $1.33
#WestIndies $3.35

MARKET üëâ https://t.co/spaSPgUC3D",2021-11-06 09:06:54+00:00,0,?
38,1456894802574800000,"#Australia take on #WestIndies in the #T20WorldCup tonight. 

With semi-finals in sight, can they register a big win or will the Windies cause an upset? ü§î

#BetWithBrett #AUSvWI https://t.co/6IUFRPhW8F",2021-11-06 08:02:43+00:00,0,?
38,1456884981607760000,"Prediction #AUSvWI
üí•Warning from WARNER to WI team..Be aware WI teamüî•üî•
üí•And from WI Gayle storm after a long timeüå™Ô∏èüå™Ô∏è
Let's seeü§û
#T20WorldCup #T20WorldCup21 #AUSvWI 
@T20WorldCup",2021-11-06 07:23:41+00:00,1,prediction
38,1456879032998440000,"Who Will Win Match 38 Today?

1 | Australia üëç
2 | West Indies ‚ù§Ô∏è

#Cricket #T20WorldCup #AUSvWI #WIvAUS #T20WorldCup2021 https://t.co/lMruh6AH8b",2021-11-06 07:00:03+00:00,0,"who will win,?"
38,1456741002258090000,"#AUSvWI: It seems that #WestIndies is going to beat #Australia today.

#T20WorldCup",2021-11-05 21:51:34+00:00,1,is going to
38,1451943560870120000,"This T20 World Cup, It's toss win. Elect to bowl first. Bowl out team less than 120!! Win a match by a bearest of margins or comfortably üòÇüòÇüòÇ 

UAE pitches aren't competitive enough for both the teams sadly. #T20WorldCup #AUSvWI #WIvAUS",2021-10-23 16:08:15+00:00,0,bowl first
38,1456922397911690000,"""Australia Won The Toss and Elected to Bowl First Against West Indies üèè

Playing XI's Of Both Sides üëá

#Cricket #T20WorldCup #AUSvWI #WIvAUS  #T20WorldCup2021 #SportsTrendsCan https://t.co/CaZpf1SG41""",2021-11-06 09:52:22+00:00,1,bowl first
38,1456848235838980000,"#T20WorldCup #WeHaveWeWill

Who will qualify for semi Final?
#Australia or #SouthAfrica

#ENGvSA #AUSvWI
#SAvENG #WIvAUS",2021-11-06 04:57:41+00:00,0,who will
37,1456621028466030000,"""India have won the toss and elected to field in Dubai üèè

 Kya baat hai birthday boy .. Aaj toh toss bhi jeet gaye üòâ

#T20WorldCup | #INDvSCO""",2021-11-05 13:54:50+00:00,0,won the toss
37,1456620106860030000,"Hello @TInpanathan which team you support today..? üòÖüëá

#INDvSCO 
#T20WorldCup https://t.co/okpkzn8SyY",2021-11-05 13:51:10+00:00,0,?
37,1456618551196930000,"Virat Kohli finally wins the toss on his birthday and chooses to bowl first against unchanged Scotland ü™ôüéÇ

Varun Chakravarthy comes back in replacing Shardul Thakur üì∞

Live Scorecard ‚û°Ô∏è https://t.co/2IxEHZ0jVf

#T20WorldCup #INDvSCO",2021-11-05 13:44:59+00:00,0,the toss
37,1456618422809210000,"India opt to bowl
#T20WorldCup #INDvSCO https://t.co/OirHo9Wvez",2021-11-05 13:44:29+00:00,0,opt to bowl
37,1456616348793060000,"IND v SCO,
37th Match,
Super 12 Group 2
India opt to bowl
#INDvSCO 
#T20WorldCup",2021-11-05 13:36:14+00:00,0,opt to bowl
37,1456615506430070000,"Will India qualify for the semi-finals?

#INDvSCO #T20WorldCup",2021-11-05 13:32:53+00:00,0,?
37,1456608004967600000,"#INDvSCO | India take on Scotland with their backs against the wall and have to win by a big margin yet again to keep their hopes of making the semi-finals alive at the 2021 #T20WorldCup. 

Follow for updates: https://t.co/48rPvFTC5r",2021-11-05 13:03:05+00:00,0,have to
37,1456605462564990000,"Can you guess this Indian player? ü§î

#T20WorldCup #India #Scotland #INDvSCO https://t.co/FnwaPuft4S",2021-11-05 12:52:59+00:00,0,?
37,1456592289627720000,"#INDvSCO

Who will dominate whom tonight?ü§î

#TeamIndia #India #IND #TeamScotland #Scotland #SCO #T20WorldCup https://t.co/BEH77cuamJ",2021-11-05 12:00:38+00:00,0,?
37,1456508112962130000,"What do you reckon. IND Will take up the 2nd place?

#INDvSCO #T20WorldCup #India",2021-11-05 06:26:09+00:00,0,?
37,1456486447507290000,"#Scotland will have to take their cricket to a new level üìà

#India need a BIG win to keep their #T20WorldCup finals hopes alive.

#INDvSCO preview üëá

https://t.co/j156wPds3i",2021-11-05 05:00:03+00:00,0,will have
37,1456472281169870000,"The match against India could be one of the biggest, if not the biggest game in the history of Scotland given how popular the game is in India and how impactful a lot of those players are on the world game.- Coetzer said to News9",2021-11-05 04:03:46+00:00,0,quotes
28,1456176892919220000,"""#WestIndies go in hoping for a big win that will bolster their semi-final chances while #SriLanka will be hoping for continued growth of their young core üèè

@DineshKarthik &amp; @joybhattacharj preview Match 35 on #CricbuzzLive

#WIvSL #T20WorldCup #CricketTwitter https://t.co/eh2ODFxaUz""",,0,hoping
28,1454810093237800000,"""#NewZealand has won the #toss and elected to bowl first.
#INDvNZ | #T20WorldCup https://t.co/i4f76ZCo1a""",2021-10-31 13:58:49+00:00,0,the toss
28,1454809430009290000,"#NewZealand has won the toss and elected to field üèè 

#T20WorldCup¬†  #INDvNZ",2021-10-31 13:56:11+00:00,0,the toss
28,1454808845461720000,"""India and New Zealand--- a must-win game. #NZvIND #INDvNZ  #T20WorldCup
#T20WorldCup2021 #Cricket""",2021-10-31 13:53:52+00:00,0,must win
28,1454808365205380000,"So we have -

1. ICC (virtual) knockout game against NZ.
2. Lost the toss.
3. Will be batting in swinging conditions.
4. Richard kettleborough umpiring.

I hope Vaughan and gambhir haven't predicted India win.

 #INDvNZ
#T20WorldCup 
#INDvsNZ",2021-10-31 13:51:57+00:00,1,predicted
36,1456559867045370000,"Just 10 minutes to go until the first ball is bowled, who wins today's first match?
LIVE COMMS:

üëâhttps://t.co/uv1AOvfBEYüëà
#T20WorldCup   #NZvNAM #NAMvNZ",2021-11-05 09:51:48+00:00,0,who wins
36,1456558907573280000,"""Toss update from Sharjah  
Namibia have won the toss and will field first. 

#T20WorldCup | #NZvNAM #ICCT20WorldCup2021 https://t.co/g5SiGDEXu8""",2021-11-05 09:48:23+00:00,0,won the toss
36,1456557015749200000,"Namibia will have some extra fans today (üòâ) - can they cause an upset? 

https://t.co/aMqJvpClN0 | #NZvNAM | #T20WorldCup https://t.co/9FopZQPQs3",2021-11-05 09:40:28+00:00,0,"can, ?"
36,1456555457439420000,"Namibia win the toss and opt to field first against New Zealand. 

#T20WorldCup #NZvNAM

LIVE: https://t.co/0nhWugCaz8",2021-11-05 09:34:17+00:00,0,"toss, opt"
36,1456548963461450000,"""Who won the #NZvsNAM  match ??
#T20WorldCup #NewZealand #Namibia #NZvNAM""",2021-11-05 09:08:28+00:00,0,who?
36,1456516652120540000,"""Who Will Win Match 36 Today?

1 | New Zealand üëç
2 | Namibia ‚ù§Ô∏è

#Cricket #T20WorldCup #NZvNAM #NAMvNZ #T20WorldCup2021 https://t.co/zg47lE3yIT""",2021-11-05 06:30:00+00:00,0,?
36,1455959799640640000,"Quiet easy win for #Blackcaps 

#NewZealand beat #Namibia by 16 runs 

#NZvNAM #T20WorldCup #T20WorldCup21 https://t.co/ueZBEknDFI",2021-11-03 18:07:21+00:00,1,easy win
36,1456545606801910000,"Criclytics win predictor for the first game of the double header today - Namibia - 44% v New Zealand - 56%.

#NAMvNZ #T20WorldCup https://t.co/jpfsDdkVlm",2021-11-05 08:55:08+00:00,1,win predictor
36,1455894829255200000,"#Gautam Gambhir during #NAMvNZ match was talking abt inclusion of any 2 players from any test nations in each associate nations while participating in WC 2 make d matches more competitive.But the question is you want to form national team or franchise team?
#T20WorldCup",2021-11-03 13:49:11+00:00,1,?
35,1456238666641140000,"Who do you think will score the most runs today?

Jason Holder or Wanindu Hasaranga? ü§î

#T20WorldCup #WestIndies #SriLanka #WIvSL https://t.co/OORwmVZyby",2021-11-04 12:35:28+00:00,0,"who, ? "
35,1456257905716390000,"""West Indies Won The Toss and Elected to Bowl First Against Sri Lanka üèè

Playing XI's Of Both Sides üëá

#Cricket #T20WorldCup #WIvSL #SLvWI #T20WorldCup2021 #SportsTrendsCan https://t.co/aHXm1HCGnf""",2021-11-04 13:51:55+00:00,0,won the toss